{
  "POST/otps/loginWithPassword" : {
    "transaction" : "POST/otps/loginWithPassword",
    "sampleCount" : 99,
    "errorCount" : 0,
    "errorPct" : 0.0,
    "meanResTime" : 7143.89898989899,
    "medianResTime" : 5828.0,
    "minResTime" : 2338.0,
    "maxResTime" : 12992.0,
    "pct1ResTime" : 11665.0,
    "pct2ResTime" : 12001.0,
    "pct3ResTime" : 12992.0,
    "throughput" : 2.932811944543192,
    "receivedKBytesPerSec" : 542.4406031520323,
    "sentKBytesPerSec" : 1.9704830252399572
  },
  "PUT/doubts/DOUBT_ID" : {
    "transaction" : "PUT/doubts/DOUBT_ID",
    "sampleCount" : 96,
    "errorCount" : 0,
    "errorPct" : 0.0,
    "meanResTime" : 186.31249999999997,
    "medianResTime" : 116.0,
    "minResTime" : 84.0,
    "maxResTime" : 780.0,
    "pct1ResTime" : 393.5,
    "pct2ResTime" : 633.6999999999994,
    "pct3ResTime" : 780.0,
    "throughput" : 3.137562506128052,
    "receivedKBytesPerSec" : 6.40745263015982,
    "sentKBytesPerSec" : 9.916847444193875
  },
  "OPTIONS/userDetails/USER_PERM" : {
    "transaction" : "OPTIONS/userDetails/USER_PERM",
    "sampleCount" : 99,
    "errorCount" : 0,
    "errorPct" : 0.0,
    "meanResTime" : 56.888888888888886,
    "medianResTime" : 55.0,
    "minResTime" : 47.0,
    "maxResTime" : 103.0,
    "pct1ResTime" : 70.0,
    "pct2ResTime" : 71.0,
    "pct3ResTime" : 103.0,
    "throughput" : 2.341975775927328,
    "receivedKBytesPerSec" : 0.9948822876253786,
    "sentKBytesPerSec" : 1.315074288240443
  },
  "OPTIONS/usernodesbyrole?role=USER_ROLE&nodes=USER_NODES" : {
    "transaction" : "OPTIONS/usernodesbyrole?role=USER_ROLE&nodes=USER_NODES",
    "sampleCount" : 98,
    "errorCount" : 1,
    "errorPct" : 1.0204082,
    "meanResTime" : 810.0918367346935,
    "medianResTime" : 194.5,
    "minResTime" : 155.0,
    "maxResTime" : 21046.0,
    "pct1ResTime" : 1203.9,
    "pct2ResTime" : 3196.6,
    "pct3ResTime" : 21046.0,
    "throughput" : 2.7609522467953234,
    "receivedKBytesPerSec" : 1.245031210381744,
    "sentKBytesPerSec" : 1.6412687966615018
  },
  "OPTIONS/doubts/DOUBT_id" : {
    "transaction" : "OPTIONS/doubts/DOUBT_id",
    "sampleCount" : 96,
    "errorCount" : 0,
    "errorPct" : 0.0,
    "meanResTime" : 62.7083333333333,
    "medianResTime" : 52.0,
    "minResTime" : 47.0,
    "maxResTime" : 236.0,
    "pct1ResTime" : 95.39999999999998,
    "pct2ResTime" : 128.64999999999992,
    "pct3ResTime" : 236.0,
    "throughput" : 3.1407446182032324,
    "receivedKBytesPerSec" : 1.334203036053131,
    "sentKBytesPerSec" : 1.7482660472420337
  },
  "OPTIONS/user-book-statuses?users_permissions_user=PERM_ID&continuereading=true&_sort=updatedAt:DESC-69" : {
    "transaction" : "OPTIONS/user-book-statuses?users_permissions_user=PERM_ID&continuereading=true&_sort=updatedAt:DESC-69",
    "sampleCount" : 99,
    "errorCount" : 0,
    "errorPct" : 0.0,
    "meanResTime" : 627.5858585858587,
    "medianResTime" : 249.0,
    "minResTime" : 165.0,
    "maxResTime" : 7187.0,
    "pct1ResTime" : 1263.0,
    "pct2ResTime" : 3198.0,
    "pct3ResTime" : 7187.0,
    "throughput" : 3.0738659297668205,
    "receivedKBytesPerSec" : 1.3087944779085292,
    "sentKBytesPerSec" : 1.9061570951190734
  },
  "OPTIONS/nodes/getrole?type=teacher" : {
    "transaction" : "OPTIONS/nodes/getrole?type=teacher",
    "sampleCount" : 98,
    "errorCount" : 0,
    "errorPct" : 0.0,
    "meanResTime" : 61.224489795918366,
    "medianResTime" : 57.0,
    "minResTime" : 48.0,
    "maxResTime" : 109.0,
    "pct1ResTime" : 83.0,
    "pct2ResTime" : 90.29999999999998,
    "pct3ResTime" : 109.0,
    "throughput" : 2.5912215758857746,
    "receivedKBytesPerSec" : 1.100763071787414,
    "sentKBytesPerSec" : 1.4297267484135379
  },
  "POST/doubts" : {
    "transaction" : "POST/doubts",
    "sampleCount" : 96,
    "errorCount" : 0,
    "errorPct" : 0.0,
    "meanResTime" : 121.63541666666663,
    "medianResTime" : 73.0,
    "minResTime" : 60.0,
    "maxResTime" : 443.0,
    "pct1ResTime" : 254.89999999999992,
    "pct2ResTime" : 367.6499999999999,
    "pct3ResTime" : 443.0,
    "throughput" : 3.1243897676235113,
    "receivedKBytesPerSec" : 4.015615083723882,
    "sentKBytesPerSec" : 4.713759061950791
  },
  "POST/license-assignments/userbooksBasedOnLicence" : {
    "transaction" : "POST/license-assignments/userbooksBasedOnLicence",
    "sampleCount" : 97,
    "errorCount" : 0,
    "errorPct" : 0.0,
    "meanResTime" : 7858.597938144329,
    "medianResTime" : 7344.0,
    "minResTime" : 944.0,
    "maxResTime" : 14942.0,
    "pct1ResTime" : 12776.8,
    "pct2ResTime" : 13552.099999999999,
    "pct3ResTime" : 14942.0,
    "throughput" : 2.871181624437604,
    "receivedKBytesPerSec" : 42.564643211283446,
    "sentKBytesPerSec" : 2.4954605915522143
  },
  "OPTIONS/doubts?grade=GRADE&subject=SUB_1&subject=SUB_2&subject=SUB_3&subject=SUB_4&subject=SUB_5&subject=SUB_6&_sort=created_At:DESC" : {
    "transaction" : "OPTIONS/doubts?grade=GRADE&subject=SUB_1&subject=SUB_2&subject=SUB_3&subject=SUB_4&subject=SUB_5&subject=SUB_6&_sort=created_At:DESC",
    "sampleCount" : 96,
    "errorCount" : 0,
    "errorPct" : 0.0,
    "meanResTime" : 684.9270833333335,
    "medianResTime" : 197.5,
    "minResTime" : 159.0,
    "maxResTime" : 7413.0,
    "pct1ResTime" : 1231.6,
    "pct2ResTime" : 3230.45,
    "pct3ResTime" : 7413.0,
    "throughput" : 3.7793787646155663,
    "receivedKBytesPerSec" : 1.6091886146214716,
    "sentKBytesPerSec" : 2.880438393173497
  },
  "OPTIONS/modulesByRoleandInstitution/NODE_ID/ROLE_ID" : {
    "transaction" : "OPTIONS/modulesByRoleandInstitution/NODE_ID/ROLE_ID",
    "sampleCount" : 99,
    "errorCount" : 0,
    "errorPct" : 0.0,
    "meanResTime" : 545.8585858585858,
    "medianResTime" : 213.0,
    "minResTime" : 165.0,
    "maxResTime" : 7182.0,
    "pct1ResTime" : 1212.0,
    "pct2ResTime" : 1391.0,
    "pct3ResTime" : 7182.0,
    "throughput" : 3.0772099962700485,
    "receivedKBytesPerSec" : 1.3102183187243568,
    "sentKBytesPerSec" : 1.8150730837374116
  },
  "GET/user-book-statuses" : {
    "transaction" : "GET/user-book-statuses",
    "sampleCount" : 99,
    "errorCount" : 0,
    "errorPct" : 0.0,
    "meanResTime" : 8022.747474747474,
    "medianResTime" : 8332.0,
    "minResTime" : 2631.0,
    "maxResTime" : 13927.0,
    "pct1ResTime" : 10987.0,
    "pct2ResTime" : 11947.0,
    "pct3ResTime" : 13927.0,
    "throughput" : 2.7136670138698533,
    "receivedKBytesPerSec" : 28.616530926210185,
    "sentKBytesPerSec" : 2.374458637136122
  },
  "GET/BOOK_VERSION/books/SUB/CHAPTER/sections.json" : {
    "transaction" : "GET/BOOK_VERSION/books/SUB/CHAPTER/sections.json",
    "sampleCount" : 96,
    "errorCount" : 0,
    "errorPct" : 0.0,
    "meanResTime" : 554.3958333333333,
    "medianResTime" : 555.0,
    "minResTime" : 477.0,
    "maxResTime" : 658.0,
    "pct1ResTime" : 605.6,
    "pct2ResTime" : 619.3,
    "pct3ResTime" : 658.0,
    "throughput" : 4.1184041184041185,
    "receivedKBytesPerSec" : 1.1100386100386102,
    "sentKBytesPerSec" : 3.003547632453883
  },
  "GET/student-doubts" : {
    "transaction" : "GET/student-doubts",
    "sampleCount" : 99,
    "errorCount" : 0,
    "errorPct" : 0.0,
    "meanResTime" : 94.66666666666669,
    "medianResTime" : 73.0,
    "minResTime" : 43.0,
    "maxResTime" : 403.0,
    "pct1ResTime" : 142.0,
    "pct2ResTime" : 152.0,
    "pct3ResTime" : 403.0,
    "throughput" : 2.3208383149307266,
    "receivedKBytesPerSec" : 3.236161049183018,
    "sentKBytesPerSec" : 2.05793084956748
  },
  "GET/doubts/DOUBT_ID" : {
    "transaction" : "GET/doubts/DOUBT_ID",
    "sampleCount" : 96,
    "errorCount" : 0,
    "errorPct" : 0.0,
    "meanResTime" : 531.5625,
    "medianResTime" : 215.5,
    "minResTime" : 171.0,
    "maxResTime" : 3203.0,
    "pct1ResTime" : 1217.9,
    "pct2ResTime" : 1597.399999999984,
    "pct3ResTime" : 3203.0,
    "throughput" : 3.126526624328285,
    "receivedKBytesPerSec" : 6.387332580198665,
    "sentKBytesPerSec" : 2.53114313629702
  },