{
  "POST/otps/loginWithPassword" : {
    "transaction" : "POST/otps/loginWithPassword",
    "sampleCount" : 100,
    "errorCount" : 1,
    "errorPct" : 1.0,
    "meanResTime" : 3801.5900000000006,
    "medianResTime" : 2460.0,
    "minResTime" : 327.0,
    "maxResTime" : 10098.0,
    "pct1ResTime" : 8702.9,
    "pct2ResTime" : 9402.349999999999,
    "pct3ResTime" : 10097.8,
    "throughput" : 3.327012010513358,
    "receivedKBytesPerSec" : 41.59167893502346,
    "sentKBytesPerSec" : 2.2288381242306285
  },
  "GET/annotations" : {
    "transaction" : "GET/annotations",
    "sampleCount" : 100,
    "errorCount" : 4,
    "errorPct" : 4.0,
    "meanResTime" : 5133.790000000002,
    "medianResTime" : 5610.5,
    "minResTime" : 180.0,
    "maxResTime" : 16775.0,
    "pct1ResTime" : 11318.5,
    "pct2ResTime" : 13780.0,
    "pct3ResTime" : 16746.829999999987,
    "throughput" : 1.474208718470361,
    "receivedKBytesPerSec" : 0.906911896680082,
    "sentKBytesPerSec" : 1.3678612594533635
  },
  "GET/user-book-statuses" : {
    "transaction" : "GET/user-book-statuses",
    "sampleCount" : 100,
    "errorCount" : 2,
    "errorPct" : 2.0,
    "meanResTime" : 10592.539999999997,
    "medianResTime" : 9328.0,
    "minResTime" : 227.0,
    "maxResTime" : 22533.0,
    "pct1ResTime" : 18062.5,
    "pct2ResTime" : 19537.35,
    "pct3ResTime" : 22512.21999999999,
    "throughput" : 1.8499334023975138,
    "receivedKBytesPerSec" : 19.332291830462854,
    "sentKBytesPerSec" : 1.6120073974211928
  },
  "GET/v4/books/BOOK_ID/chapters.json" : {
    "transaction" : "GET/v4/books/BOOK_ID/chapters.json",
    "sampleCount" : 100,
    "errorCount" : 0,
    "errorPct" : 0.0,
    "meanResTime" : 401.47,
    "medianResTime" : 317.5,
    "minResTime" : 252.0,
    "maxResTime" : 1667.0,
    "pct1ResTime" : 451.8,
    "pct2ResTime" : 1271.6999999999985,
    "pct3ResTime" : 1666.4899999999998,
    "throughput" : 1.4737307493920861,
    "receivedKBytesPerSec" : 3.801577697848353,
    "sentKBytesPerSec" : 0.8763229036180089
  },
  "GET/modulesByRoleandInstitution/NODE_ID/ROLE_ID" : {
    "transaction" : "GET/modulesByRoleandInstitution/NODE_ID/ROLE_ID",
    "sampleCount" : 100,
    "errorCount" : 1,
    "errorPct" : 1.0,
    "meanResTime" : 3821.1600000000008,
    "medianResTime" : 4147.5,
    "minResTime" : 212.0,
    "maxResTime" : 9059.0,
    "pct1ResTime" : 8118.3,
    "pct2ResTime" : 8730.65,
    "pct3ResTime" : 9057.66,
    "throughput" : 2.6450827910913612,
    "receivedKBytesPerSec" : 4.1492928123181505,
    "sentKBytesPerSec" : 2.2193122867402
  },
  "GET/annotations2" : {
    "transaction" : "GET/annotations2",
    "sampleCount" : 100,
    "errorCount" : 4,
    "errorPct" : 4.0,
    "meanResTime" : 2594.5800000000004,
    "medianResTime" : 634.0,
    "minResTime" : 166.0,
    "maxResTime" : 9505.0,
    "pct1ResTime" : 6744.0,
    "pct2ResTime" : 7335.2,
    "pct3ResTime" : 9502.929999999998,
    "throughput" : 1.4542704652211218,
    "receivedKBytesPerSec" : 2.4675731770719715,
    "sentKBytesPerSec" : 1.3493755271730434
  },
  "GET/otps/checkuser/PHONE_NUM" : {
    "transaction" : "GET/otps/checkuser/PHONE_NUM",
    "sampleCount" : 100,
    "errorCount" : 0,
    "errorPct" : 0.0,
    "meanResTime" : 547.2399999999999,
    "medianResTime" : 400.5,
    "minResTime" : 89.0,
    "maxResTime" : 1965.0,
    "pct1ResTime" : 1329.0,
    "pct2ResTime" : 1440.3999999999999,
    "pct3ResTime" : 1962.3199999999986,
    "throughput" : 4.648568240981778,
    "receivedKBytesPerSec" : 6.096297633297694,
    "sentKBytesPerSec" : 2.6420573400892526
  },
  "GET/v4/books/BOOK_ID/CHAPTER_ID2/sections.json" : {
    "transaction" : "GET/v4/books/BOOK_ID/CHAPTER_ID2/sections.json",
    "sampleCount" : 100,
    "errorCount" : 0,
    "errorPct" : 0.0,
    "meanResTime" : 316.8599999999999,
    "medianResTime" : 263.0,
    "minResTime" : 187.0,
    "maxResTime" : 1277.0,
    "pct1ResTime" : 484.5000000000008,
    "pct2ResTime" : 524.0499999999997,
    "pct3ResTime" : 1276.92,
    "throughput" : 1.453615140855307,
    "receivedKBytesPerSec" : 3.843562847050615,
    "sentKBytesPerSec" : 1.0478237110067739
  },
  "Total" : {
    "transaction" : "Total",
    "sampleCount" : 1300,
    "errorCount" : 15,
    "errorPct" : 1.1538461,
    "meanResTime" : 3594.6246153846164,
    "medianResTime" : 539.0,
    "minResTime" : 1.0,
    "maxResTime" : 25728.0,
    "pct1ResTime" : 12481.400000000001,
    "pct2ResTime" : 18040.450000000008,
    "pct3ResTime" : 23021.350000000002,
    "throughput" : 12.082008959274335,
    "receivedKBytesPerSec" : 49.50803751289522,
    "sentKBytesPerSec" : 8.824368250339226
  },
  "GET/v4/books/BOOK_ID/CHAPTER_ID/sections.json" : {
    "transaction" : "GET/v4/books/BOOK_ID/CHAPTER_ID/sections.json",
    "sampleCount" : 100,
    "errorCount" : 0,
    "errorPct" : 0.0,
    "meanResTime" : 159.28999999999996,
    "medianResTime" : 118.0,
    "minResTime" : 80.0,
    "maxResTime" : 1140.0,
    "pct1ResTime" : 165.9,
    "pct2ResTime" : 483.0999999999964,
    "pct3ResTime" : 1139.2899999999997,
    "throughput" : 1.4791805339841728,
    "receivedKBytesPerSec" : 2.40544511777975,
    "sentKBytesPerSec" : 1.0662378198727904
  },
  "OPTIONS/annotations?chapter=CHAPTER_ID&book_id=BOOK_IDusers_permissions_user=USERPERMS" : {
    "transaction" : "OPTIONS/annotations?chapter=CHAPTER_ID&book_id=BOOK_IDusers_permissions_user=USERPERMS",
    "sampleCount" : 100,
    "errorCount" : 0,
    "errorPct" : 0.0,
    "meanResTime" : 400.09999999999997,
    "medianResTime" : 230.0,
    "minResTime" : 153.0,
    "maxResTime" : 1785.0,
    "pct1ResTime" : 1050.7,
    "pct2ResTime" : 1198.6999999999998,
    "pct3ResTime" : 1779.9699999999975,
    "throughput" : 1.4732965009208103,
    "receivedKBytesPerSec" : 0.6273020257826888,
    "sentKBytesPerSec" : 0.9348526703499079
  },
  "OPTIONS/annotations?chapter=CHAPTER_ID2&book_id=BOOK_ID&users_permissions_user=USERPERMS" : {
    "transaction" : "OPTIONS/annotations?chapter=CHAPTER_ID2&book_id=BOOK_ID&users_permissions_user=USERPERMS",
    "sampleCount" : 100,
    "errorCount" : 2,
    "errorPct" : 2.0,
    "meanResTime" : 206.25000000000009,
    "medianResTime" : 67.0,
    "minResTime" : 1.0,
    "maxResTime" : 960.0,
    "pct1ResTime" : 673.1,
    "pct2ResTime" : 717.6499999999999,
    "pct3ResTime" : 958.6499999999993,
    "throughput" : 1.4571524327159866,
    "receivedKBytesPerSec" : 0.6661207278112113,
    "sentKBytesPerSec" : 0.9061239790825769
  },
  "POST/license-assignments/userbooksBasedOnLicence" : {
    "transaction" : "POST/license-assignments/userbooksBasedOnLicence",
    "sampleCount" : 100,
    "errorCount" : 1,
    "errorPct" : 1.0,
    "meanResTime" : 18169.899999999994,
    "medianResTime" : 19374.0,
    "minResTime" : 231.0,
    "maxResTime" : 25728.0,
    "pct1ResTime" : 24019.1,
    "pct2ResTime" : 25372.74999999999,
    "pct3ResTime" : 25727.37,
    "throughput" : 1.4781310510989905,
    "receivedKBytesPerSec" : 23.049057552880136,
    "sentKBytesPerSec" : 1.2620121243699465
  },
  "GET/Login" : {
    "transaction" : "GET/Login",
    "sampleCount" : 100,
    "errorCount" : 0,
    "errorPct" : 0.0,
    "meanResTime" : 585.3499999999999,
    "medianResTime" : 473.5,
    "minResTime" : 221.0,
    "maxResTime" : 1411.0,
    "pct1ResTime" : 1102.9000000000005,
    "pct2ResTime" : 1185.55,
    "pct3ResTime" : 1410.2299999999996,
    "throughput" : 4.823461315840246,
    "receivedKBytesPerSec" : 8.68175932736832,
    "sentKBytesPerSec" : 2.6236991727763845
  }
}