{
  "POST/otps/loginWithPassword" : {
    "transaction" : "POST/otps/loginWithPassword",
    "sampleCount" : 100,
    "errorCount" : 0,
    "errorPct" : 0.0,
    "meanResTime" : 1361.2500000000002,
    "medianResTime" : 1152.0,
    "minResTime" : 447.0,
    "maxResTime" : 4313.0,
    "pct1ResTime" : 2316.7,
    "pct2ResTime" : 2432.3999999999996,
    "pct3ResTime" : 4296.649999999991,
    "throughput" : 4.23477598035064,
    "receivedKBytesPerSec" : 53.6171438288727,
    "sentKBytesPerSec" : 2.845240111798086
  },
  "PUT/doubts/DOUBT_ID" : {
    "transaction" : "PUT/doubts/DOUBT_ID",
    "sampleCount" : 100,
    "errorCount" : 0,
    "errorPct" : 0.0,
    "meanResTime" : 411.10000000000014,
    "medianResTime" : 262.0,
    "minResTime" : 80.0,
    "maxResTime" : 1442.0,
    "pct1ResTime" : 1250.9,
    "pct2ResTime" : 1310.6999999999998,
    "pct3ResTime" : 1441.8899999999999,
    "throughput" : 4.241781548250265,
    "receivedKBytesPerSec" : 8.75758052757158,
    "sentKBytesPerSec" : 13.447524522799576
  },
  "OPTIONS/userDetails/USER_PERM" : {
    "transaction" : "OPTIONS/userDetails/USER_PERM",
    "sampleCount" : 100,
    "errorCount" : 0,
    "errorPct" : 0.0,
    "meanResTime" : 206.64000000000001,
    "medianResTime" : 192.5,
    "minResTime" : 150.0,
    "maxResTime" : 354.0,
    "pct1ResTime" : 295.1,
    "pct2ResTime" : 332.34999999999985,
    "pct3ResTime" : 353.86999999999995,
    "throughput" : 4.119973632168754,
    "receivedKBytesPerSec" : 1.7542075230718523,
    "sentKBytesPerSec" : 2.3134617563447595
  },
  "OPTIONS/usernodesbyrole?role=USER_ROLE&nodes=USER_NODES" : {
    "transaction" : "OPTIONS/usernodesbyrole?role=USER_ROLE&nodes=USER_NODES",
    "sampleCount" : 100,
    "errorCount" : 0,
    "errorPct" : 0.0,
    "meanResTime" : 182.25,
    "medianResTime" : 169.0,
    "minResTime" : 148.0,
    "maxResTime" : 307.0,
    "pct1ResTime" : 232.9,
    "pct2ResTime" : 256.34999999999985,
    "pct3ResTime" : 306.8399999999999,
    "throughput" : 5.134260923140114,
    "receivedKBytesPerSec" : 2.1860720336807518,
    "sentKBytesPerSec" : 3.0825119852903424
  },
  "OPTIONS/doubts/DOUBT_id" : {
    "transaction" : "OPTIONS/doubts/DOUBT_id",
    "sampleCount" : 100,
    "errorCount" : 2,
    "errorPct" : 2.0,
    "meanResTime" : 65.89999999999999,
    "medianResTime" : 52.0,
    "minResTime" : 47.0,
    "maxResTime" : 279.0,
    "pct1ResTime" : 96.9,
    "pct2ResTime" : 162.69999999999993,
    "pct3ResTime" : 278.2099999999996,
    "throughput" : 4.153513872736335,
    "receivedKBytesPerSec" : 1.8986912537381624,
    "sentKBytesPerSec" : 2.2657742669048013
  },
  "OPTIONS/user-book-statuses?users_permissions_user=PERM_ID&continuereading=true&_sort=updatedAt:DESC-69" : {
    "transaction" : "OPTIONS/user-book-statuses?users_permissions_user=PERM_ID&continuereading=true&_sort=updatedAt:DESC-69",
    "sampleCount" : 100,
    "errorCount" : 0,
    "errorPct" : 0.0,
    "meanResTime" : 239.69000000000005,
    "medianResTime" : 221.5,
    "minResTime" : 154.0,
    "maxResTime" : 584.0,
    "pct1ResTime" : 336.6000000000001,
    "pct2ResTime" : 365.6499999999999,
    "pct3ResTime" : 584.0,
    "throughput" : 4.4664790745455365,
    "receivedKBytesPerSec" : 1.9017430434588414,
    "sentKBytesPerSec" : 2.7697404417347804
  },
  "OPTIONS/nodes/getrole?type=teacher" : {
    "transaction" : "OPTIONS/nodes/getrole?type=teacher",
    "sampleCount" : 100,
    "errorCount" : 0,
    "errorPct" : 0.0,
    "meanResTime" : 192.05999999999995,
    "medianResTime" : 170.0,
    "minResTime" : 145.0,
    "maxResTime" : 1198.0,
    "pct1ResTime" : 226.9,
    "pct2ResTime" : 238.74999999999994,
    "pct3ResTime" : 1188.8399999999954,
    "throughput" : 5.609154139555755,
    "receivedKBytesPerSec" : 2.388272660982724,
    "sentKBytesPerSec" : 3.0948946180166033
  },
  "POST/doubts" : {
    "transaction" : "POST/doubts",
    "sampleCount" : 100,
    "errorCount" : 0,
    "errorPct" : 0.0,
    "meanResTime" : 2099.2,
    "medianResTime" : 245.0,
    "minResTime" : 172.0,
    "maxResTime" : 11338.0,
    "pct1ResTime" : 10092.700000000012,
    "pct2ResTime" : 10901.449999999995,
    "pct3ResTime" : 11337.99,
    "throughput" : 2.8282142655127553,
    "receivedKBytesPerSec" : 3.647015438514622,
    "sentKBytesPerSec" : 4.282037922818033
  },
  "POST/license-assignments/userbooksBasedOnLicence" : {
    "transaction" : "POST/license-assignments/userbooksBasedOnLicence",
    "sampleCount" : 100,
    "errorCount" : 0,
    "errorPct" : 0.0,
    "meanResTime" : 10770.94,
    "medianResTime" : 10050.5,
    "minResTime" : 2305.0,
    "maxResTime" : 21437.0,
    "pct1ResTime" : 19803.100000000002,
    "pct2ResTime" : 21221.299999999996,
    "pct3ResTime" : 21436.85,
    "throughput" : 2.552518059065268,
    "receivedKBytesPerSec" : 40.180971536232995,
    "sentKBytesPerSec" : 2.218497141179774
  },
  "OPTIONS/modulesByRoleandInstitution/NODE_ID/ROLE_ID" : {
    "transaction" : "OPTIONS/modulesByRoleandInstitution/NODE_ID/ROLE_ID",
    "sampleCount" : 100,
    "errorCount" : 0,
    "errorPct" : 0.0,
    "meanResTime" : 228.33999999999992,
    "medianResTime" : 217.0,
    "minResTime" : 154.0,
    "maxResTime" : 647.0,
    "pct1ResTime" : 308.80000000000007,
    "pct2ResTime" : 331.74999999999994,
    "pct3ResTime" : 644.9599999999989,
    "throughput" : 4.49802087081684,
    "receivedKBytesPerSec" : 1.915172948902483,
    "sentKBytesPerSec" : 2.653129498020871
  },
  "GET/user-book-statuses" : {
    "transaction" : "GET/user-book-statuses",
    "sampleCount" : 100,
    "errorCount" : 0,
    "errorPct" : 0.0,
    "meanResTime" : 11262.18,
    "medianResTime" : 12178.5,
    "minResTime" : 2558.0,
    "maxResTime" : 18667.0,
    "pct1ResTime" : 16803.000000000004,
    "pct2ResTime" : 17539.55,
    "pct3ResTime" : 18666.28,
    "throughput" : 3.099717925668764,
    "receivedKBytesPerSec" : 33.483280169942034,
    "sentKBytesPerSec" : 2.7122531849601685
  },
  "GET/BOOK_VERSION/books/SUB/CHAPTER/sections.json" : {
    "transaction" : "GET/BOOK_VERSION/books/SUB/CHAPTER/sections.json",
    "sampleCount" : 100,
    "errorCount" : 0,
    "errorPct" : 0.0,
    "meanResTime" : 620.0500000000004,
    "medianResTime" : 607.5,
    "minResTime" : 500.0,
    "maxResTime" : 786.0,
    "pct1ResTime" : 708.8,
    "pct2ResTime" : 721.5999999999999,
    "pct3ResTime" : 785.96,
    "throughput" : 2.7949355767349564,
    "receivedKBytesPerSec" : 6.815275720394644,
    "sentKBytesPerSec" : 2.051329865284105
  },
  "GET/student-doubts" : {
    "transaction" : "GET/student-doubts",
    "sampleCount" : 100,
    "errorCount" : 0,
    "errorPct" : 0.0,
    "meanResTime" : 101.52999999999997,
    "medianResTime" : 91.0,
    "minResTime" : 32.0,
    "maxResTime" : 236.0,
    "pct1ResTime" : 179.20000000000005,
    "pct2ResTime" : 210.44999999999987,
    "pct3ResTime" : 235.92999999999995,
    "throughput" : 4.113364320677882,
    "receivedKBytesPerSec" : 5.7468198552095755,
    "sentKBytesPerSec" : 3.647397268726091
  },
  "GET/doubts/DOUBT_ID" : {
    "transaction" : "GET/doubts/DOUBT_ID",
    "sampleCount" : 100,
    "errorCount" : 0,
    "errorPct" : 0.0,
    "meanResTime" : 354.01000000000005,
    "medianResTime" : 293.5,
    "minResTime" : 173.0,
    "maxResTime" : 780.0,
    "pct1ResTime" : 681.8000000000002,
    "pct2ResTime" : 752.0999999999998,
    "pct3ResTime" : 779.99,
    "throughput" : 4.125412541254125,
    "receivedKBytesPerSec" : 8.51962149339934,
    "sentKBytesPerSec" : 3.3398115202145218
  },
  "GET/modulesByRoleandInstitution/NODE_ID/ROLE_ID" : {
    "transaction" : "GET/modulesByRoleandInstitution/NODE_ID/ROLE_ID",
    "sampleCount" : 100,
    "errorCount" : 0,
    "errorPct" : 0.0,
    "meanResTime" : 4207.860000000001,
    "medianResTime" : 5406.5,
    "minResTime" : 173.0,
    "maxResTime" : 12002.0,
    "pct1ResTime" : 9420.9,
    "pct2ResTime" : 9492.95,
    "pct3ResTime" : 11988.909999999993,
    "throughput" : 3.374843913469002,
    "receivedKBytesPerSec" : 5.329781573774088,