{
  "POST/otps/loginWithPassword" : {
    "transaction" : "POST/otps/loginWithPassword",
    "sampleCount" : 100,
    "errorCount" : 0,
    "errorPct" : 0.0,
    "meanResTime" : 1386.1200000000006,
    "medianResTime" : 1203.5,
    "minResTime" : 431.0,
    "maxResTime" : 4430.0,
    "pct1ResTime" : 2195.8,
    "pct2ResTime" : 2517.249999999998,
    "pct3ResTime" : 4413.129999999992,
    "throughput" : 4.3911649760681515,
    "receivedKBytesPerSec" : 55.415043993984106,
    "sentKBytesPerSec" : 2.950313968295789
  },
  "PUT/doubts/DOUBT_ID" : {
    "transaction" : "PUT/doubts/DOUBT_ID",
    "sampleCount" : 100,
    "errorCount" : 0,
    "errorPct" : 0.0,
    "meanResTime" : 212.19,
    "medianResTime" : 194.5,
    "minResTime" : 82.0,
    "maxResTime" : 497.0,
    "pct1ResTime" : 357.20000000000005,
    "pct2ResTime" : 404.49999999999966,
    "pct3ResTime" : 496.96999999999997,
    "throughput" : 2.2679851220176,
    "receivedKBytesPerSec" : 4.652226629830809,
    "sentKBytesPerSec" : 7.1914397382178175
  },
  "OPTIONS/userDetails/USER_PERM" : {
    "transaction" : "OPTIONS/userDetails/USER_PERM",
    "sampleCount" : 100,
    "errorCount" : 1,
    "errorPct" : 1.0,
    "meanResTime" : 69.13999999999999,
    "medianResTime" : 58.5,
    "minResTime" : 2.0,
    "maxResTime" : 248.0,
    "pct1ResTime" : 104.0,
    "pct2ResTime" : 127.74999999999994,
    "pct3ResTime" : 247.22999999999962,
    "throughput" : 3.517658646404953,
    "receivedKBytesPerSec" : 1.5512393700752778,
    "sentKBytesPerSec" : 1.955495297330097
  },
  "OPTIONS/usernodesbyrole?role=USER_ROLE&nodes=USER_NODES" : {
    "transaction" : "OPTIONS/usernodesbyrole?role=USER_ROLE&nodes=USER_NODES",
    "sampleCount" : 100,
    "errorCount" : 0,
    "errorPct" : 0.0,
    "meanResTime" : 302.9400000000001,
    "medianResTime" : 226.0,
    "minResTime" : 155.0,
    "maxResTime" : 3260.0,
    "pct1ResTime" : 318.0,
    "pct2ResTime" : 372.54999999999967,
    "pct3ResTime" : 3240.82999999999,
    "throughput" : 3.869220352099052,
    "receivedKBytesPerSec" : 1.6474414780421747,
    "sentKBytesPerSec" : 2.3237993325594895
  },
  "OPTIONS/doubts/DOUBT_id" : {
    "transaction" : "OPTIONS/doubts/DOUBT_id",
    "sampleCount" : 100,
    "errorCount" : 0,
    "errorPct" : 0.0,
    "meanResTime" : 95.08,
    "medianResTime" : 72.5,
    "minResTime" : 46.0,
    "maxResTime" : 411.0,
    "pct1ResTime" : 178.50000000000009,
    "pct2ResTime" : 229.89999999999998,
    "pct3ResTime" : 409.6499999999993,
    "throughput" : 2.2485047443450106,
    "receivedKBytesPerSec" : 0.9552192713720377,
    "sentKBytesPerSec" : 1.251609086207672
  },
  "OPTIONS/user-book-statuses?users_permissions_user=PERM_ID&continuereading=true&_sort=updatedAt:DESC-69" : {
    "transaction" : "OPTIONS/user-book-statuses?users_permissions_user=PERM_ID&continuereading=true&_sort=updatedAt:DESC-69",
    "sampleCount" : 100,
    "errorCount" : 0,
    "errorPct" : 0.0,
    "meanResTime" : 326.7600000000001,
    "medianResTime" : 267.5,
    "minResTime" : 157.0,
    "maxResTime" : 1576.0,
    "pct1ResTime" : 467.10000000000014,
    "pct2ResTime" : 1145.4999999999932,
    "pct3ResTime" : 1573.2999999999986,
    "throughput" : 4.673552367154274,
    "receivedKBytesPerSec" : 1.989910968827406,
    "sentKBytesPerSec" : 2.898150149553676
  },
  "OPTIONS/nodes/getrole?type=teacher" : {
    "transaction" : "OPTIONS/nodes/getrole?type=teacher",
    "sampleCount" : 100,
    "errorCount" : 0,
    "errorPct" : 0.0,
    "meanResTime" : 101.53999999999998,
    "medianResTime" : 87.5,
    "minResTime" : 47.0,
    "maxResTime" : 259.0,
    "pct1ResTime" : 173.60000000000002,
    "pct2ResTime" : 185.0,
    "pct3ResTime" : 258.99,
    "throughput" : 4.08279916710897,
    "receivedKBytesPerSec" : 1.7345118375658353,
    "sentKBytesPerSec" : 2.252716337320867
  },
  "POST/doubts" : {
    "transaction" : "POST/doubts",
    "sampleCount" : 100,
    "errorCount" : 0,
    "errorPct" : 0.0,
    "meanResTime" : 486.43999999999966,
    "medianResTime" : 120.0,
    "minResTime" : 61.0,
    "maxResTime" : 2704.0,
    "pct1ResTime" : 1669.600000000002,
    "pct2ResTime" : 2104.849999999998,
    "pct3ResTime" : 2699.3799999999974,
    "throughput" : 2.1230520996985267,
    "receivedKBytesPerSec" : 2.736041927625154,
    "sentKBytesPerSec" : 3.216423931043268
  },
  "POST/license-assignments/userbooksBasedOnLicence" : {
    "transaction" : "POST/license-assignments/userbooksBasedOnLicence",
    "sampleCount" : 100,
    "errorCount" : 1,
    "errorPct" : 1.0,
    "meanResTime" : 11833.949999999999,
    "medianResTime" : 11825.0,
    "minResTime" : 2683.0,
    "maxResTime" : 19660.0,
    "pct1ResTime" : 18012.9,
    "pct2ResTime" : 19383.05,
    "pct3ResTime" : 19659.98,
    "throughput" : 2.311657689729305,
    "receivedKBytesPerSec" : 36.137417755553756,
    "sentKBytesPerSec" : 1.9890640531450103
  },
  "OPTIONS/doubts?grade=GRADE&subject=SUB_1&subject=SUB_2&subject=SUB_3&subject=SUB_4&subject=SUB_5&subject=SUB_6&_sort=created_At:DESC" : {
    "transaction" : "OPTIONS/doubts?grade=GRADE&subject=SUB_1&subject=SUB_2&subject=SUB_3&subject=SUB_4&subject=SUB_5&subject=SUB_6&_sort=created_At:DESC",
    "sampleCount" : 100,
    "errorCount" : 0,
    "errorPct" : 0.0,
    "meanResTime" : 342.3299999999999,
    "medianResTime" : 238.5,
    "minResTime" : 155.0,
    "maxResTime" : 1275.0,
    "pct1ResTime" : 649.3000000000003,
    "pct2ResTime" : 1166.9499999999991,
    "pct3ResTime" : 1274.81,
    "throughput" : 2.5006251562890722,
    "receivedKBytesPerSec" : 1.0647193048262065,
    "sentKBytesPerSec" : 1.9041137237434358
  },
  "OPTIONS/modulesByRoleandInstitution/NODE_ID/ROLE_ID" : {
    "transaction" : "OPTIONS/modulesByRoleandInstitution/NODE_ID/ROLE_ID",
    "sampleCount" : 100,
    "errorCount" : 0,
    "errorPct" : 0.0,
    "meanResTime" : 300.25999999999993,
    "medianResTime" : 242.0,
    "minResTime" : 148.0,
    "maxResTime" : 1301.0,
    "pct1ResTime" : 433.70000000000005,
    "pct2ResTime" : 519.95,
    "pct3ResTime" : 1301.0,
    "throughput" : 4.665920119447555,
    "receivedKBytesPerSec" : 1.9866613008585294,
    "sentKBytesPerSec" : 2.7521638204553938
  },
  "GET/user-book-statuses" : {
    "transaction" : "GET/user-book-statuses",
    "sampleCount" : 100,
    "errorCount" : 0,
    "errorPct" : 0.0,
    "meanResTime" : 10461.579999999998,
    "medianResTime" : 11088.0,
    "minResTime" : 1692.0,
    "maxResTime" : 17548.0,
    "pct1ResTime" : 15202.800000000005,
    "pct2ResTime" : 16014.15,
    "pct3ResTime" : 17544.55,
    "throughput" : 3.1304783370899076,
    "receivedKBytesPerSec" : 33.569152511034936,
    "sentKBytesPerSec" : 2.739168544953669
  },
  "GET/BOOK_VERSION/books/SUB/CHAPTER/sections.json" : {
    "transaction" : "GET/BOOK_VERSION/books/SUB/CHAPTER/sections.json",
    "sampleCount" : 100,
    "errorCount" : 0,
    "errorPct" : 0.0,
    "meanResTime" : 611.2500000000002,
    "medianResTime" : 606.0,
    "minResTime" : 554.0,
    "maxResTime" : 843.0,
    "pct1ResTime" : 653.9,
    "pct2ResTime" : 676.4499999999998,
    "pct3ResTime" : 841.6099999999992,
    "throughput" : 2.0981955518254303,
    "receivedKBytesPerSec" : 5.148262923573228,
    "sentKBytesPerSec" : 1.5384445158413764
  },
  "GET/student-doubts" : {
    "transaction" : "GET/student-doubts",
    "sampleCount" : 100,
    "errorCount" : 0,
    "errorPct" : 0.0,
    "meanResTime" : 190.9999999999999,
    "medianResTime" : 176.0,
    "minResTime" : 46.0,
    "maxResTime" : 621.0,
    "pct1ResTime" : 304.6,
    "pct2ResTime" : 348.9999999999998,
    "pct3ResTime" : 619.1599999999991,
    "throughput" : 3.448870494912916,
    "receivedKBytesPerSec" : 4.818449301603724,
    "sentKBytesPerSec" : 3.058178134161062
  },
  "GET/doubts/DOUBT_ID" : {
    "transaction" : "GET/doubts/DOUBT_ID",
    "sampleCount" : 100,
    "errorCount" : 0,
    "errorPct" : 0.0,
    "meanResTime" : 353.13000000000005,
    "medianResTime" : 271.5,
    "minResTime" : 165.0,
    "maxResTime" : 1411.0,