{
  "GET/otps/checkuser/PHONE" : {
    "transaction" : "GET/otps/checkuser/PHONE",
    "sampleCount" : 20,
    "errorCount" : 0,
    "errorPct" : 0.0,
    "meanResTime" : 932.55,
    "medianResTime" : 873.5,
    "minResTime" : 310.0,
    "maxResTime" : 1925.0,
    "pct1ResTime" : 1551.2000000000005,
    "pct2ResTime" : 1907.5499999999997,
    "pct3ResTime" : 1925.0,
    "throughput" : 4.182350480970306,
    "receivedKBytesPerSec" : 586.3316375209117,
    "sentKBytesPerSec" : 2.377078105395232
  },
  "POST/otps/loginWithPassword" : {
    "transaction" : "POST/otps/loginWithPassword",
    "sampleCount" : 20,
    "errorCount" : 0,
    "errorPct" : 0.0,
    "meanResTime" : 1690.7500000000002,
    "medianResTime" : 1793.0,
    "minResTime" : 465.0,
    "maxResTime" : 2995.0,
    "pct1ResTime" : 2497.0000000000005,
    "pct2ResTime" : 2971.2999999999997,
    "pct3ResTime" : 2995.0,
    "throughput" : 3.287851389117212,
    "receivedKBytesPerSec" : 461.79911613307576,
    "sentKBytesPerSec" : 2.202603567318757
  },
  "GET/grades/Subjects?CURRICULUM" : {
    "transaction" : "GET/grades/Subjects?CURRICULUM",
    "sampleCount" : 20,
    "errorCount" : 0,
    "errorPct" : 0.0,
    "meanResTime" : 690.25,
    "medianResTime" : 364.0,
    "minResTime" : 91.0,
    "maxResTime" : 2343.0,
    "pct1ResTime" : 1543.6000000000006,
    "pct2ResTime" : 2304.4999999999995,
    "pct3ResTime" : 2343.0,
    "throughput" : 2.2338880822070815,
    "receivedKBytesPerSec" : 27.899822336088462,
    "sentKBytesPerSec" : 1.8564831620685804
  },
  "GET/book_version/books/SUBJECT/chapters.json" : {
    "transaction" : "GET/book_version/books/SUBJECT/chapters.json",
    "sampleCount" : 20,
    "errorCount" : 0,
    "errorPct" : 0.0,
    "meanResTime" : 656.1000000000001,
    "medianResTime" : 652.0,
    "minResTime" : 614.0,
    "maxResTime" : 723.0,
    "pct1ResTime" : 711.7,
    "pct2ResTime" : 722.5,
    "pct3ResTime" : 723.0,
    "throughput" : 1.6070711128967456,
    "receivedKBytesPerSec" : 2.986735385697067,
    "sentKBytesPerSec" : 0.9887253917235838
  },
  "Debug Sampler 9" : {
    "transaction" : "Debug Sampler 9",
    "sampleCount" : 1,
    "errorCount" : 0,
    "errorPct" : 0.0,
    "meanResTime" : 2.0,
    "medianResTime" : 2.0,
    "minResTime" : 2.0,
    "maxResTime" : 2.0,
    "pct1ResTime" : 2.0,
    "pct2ResTime" : 2.0,
    "pct3ResTime" : 2.0,
    "throughput" : 500.0,
    "receivedKBytesPerSec" : 3346.19140625,
    "sentKBytesPerSec" : 0.0
  },
  "GET/teacher-publish-contents?CREATEDBY&STATUS&_LIMIT" : {
    "transaction" : "GET/teacher-publish-contents?CREATEDBY&STATUS&_LIMIT",
    "sampleCount" : 20,
    "errorCount" : 2,
    "errorPct" : 10.0,
    "meanResTime" : 2285.35,
    "medianResTime" : 2609.0,
    "minResTime" : 267.0,
    "maxResTime" : 6183.0,
    "pct1ResTime" : 4261.6,
    "pct2ResTime" : 6087.149999999999,
    "pct3ResTime" : 6183.0,
    "throughput" : 1.376936316695353,
    "receivedKBytesPerSec" : 436.7938495051635,
    "sentKBytesPerSec" : 1.1913726333907058
  },
  "POST/teacher-publish-contents" : {
    "transaction" : "POST/teacher-publish-contents",
    "sampleCount" : 20,
    "errorCount" : 0,
    "errorPct" : 0.0,
    "meanResTime" : 15510.550000000001,
    "medianResTime" : 4452.0,
    "minResTime" : 283.0,
    "maxResTime" : 36078.0,
    "pct1ResTime" : 35999.1,
    "pct2ResTime" : 36074.95,
    "pct3ResTime" : 36078.0,
    "throughput" : 0.432816118072237,
    "receivedKBytesPerSec" : 0.8746351495379687,
    "sentKBytesPerSec" : 0.5757003843948149
  },
  "Debug Sampler 6" : {
    "transaction" : "Debug Sampler 6",
    "sampleCount" : 1,
    "errorCount" : 0,
    "errorPct" : 0.0,
    "meanResTime" : 1.0,
    "medianResTime" : 1.0,
    "minResTime" : 1.0,
    "maxResTime" : 1.0,
    "pct1ResTime" : 1.0,
    "pct2ResTime" : 1.0,
    "pct3ResTime" : 1.0,
    "throughput" : 1000.0,
    "receivedKBytesPerSec" : 6672.8515625,
    "sentKBytesPerSec" : 0.0
  },
  "Debug Sampler 20" : {
    "transaction" : "Debug Sampler 20",
    "sampleCount" : 1,
    "errorCount" : 0,
    "errorPct" : 0.0,
    "meanResTime" : 2.0,
    "medianResTime" : 2.0,
    "minResTime" : 2.0,
    "maxResTime" : 2.0,
    "pct1ResTime" : 2.0,
    "pct2ResTime" : 2.0,
    "pct3ResTime" : 2.0,
    "throughput" : 500.0,
    "receivedKBytesPerSec" : 3326.66015625,
    "sentKBytesPerSec" : 0.0
  },
  "Debug Sampler 5" : {
    "transaction" : "Debug Sampler 5",
    "sampleCount" : 1,
    "errorCount" : 0,
    "errorPct" : 0.0,
    "meanResTime" : 2.0,
    "medianResTime" : 2.0,
    "minResTime" : 2.0,
    "maxResTime" : 2.0,
    "pct1ResTime" : 2.0,
    "pct2ResTime" : 2.0,
    "pct3ResTime" : 2.0,
    "throughput" : 500.0,
    "receivedKBytesPerSec" : 3292.48046875,
    "sentKBytesPerSec" : 0.0
  },
  "Debug Sampler 8" : {
    "transaction" : "Debug Sampler 8",
    "sampleCount" : 1,
    "errorCount" : 0,
    "errorPct" : 0.0,
    "meanResTime" : 6.0,
    "medianResTime" : 6.0,
    "minResTime" : 6.0,
    "maxResTime" : 6.0,
    "pct1ResTime" : 6.0,
    "pct2ResTime" : 6.0,
    "pct3ResTime" : 6.0,
    "throughput" : 166.66666666666666,
    "receivedKBytesPerSec" : 1103.3528645833333,
    "sentKBytesPerSec" : 0.0
  },
  "Debug Sampler 7" : {
    "transaction" : "Debug Sampler 7",
    "sampleCount" : 1,
    "errorCount" : 0,
    "errorPct" : 0.0,
    "meanResTime" : 1.0,
    "medianResTime" : 1.0,
    "minResTime" : 1.0,
    "maxResTime" : 1.0,
    "pct1ResTime" : 1.0,
    "pct2ResTime" : 1.0,
    "pct3ResTime" : 1.0,
    "throughput" : 1000.0,
    "receivedKBytesPerSec" : 6602.5390625,
    "sentKBytesPerSec" : 0.0
  },
  "PUT/teacher-publish-contents/TEACHER_PUBLISH_ID" : {
    "transaction" : "PUT/teacher-publish-contents/TEACHER_PUBLISH_ID",
    "sampleCount" : 20,
    "errorCount" : 0,
    "errorPct" : 0.0,
    "meanResTime" : 621.2500000000002,
    "medianResTime" : 717.5,
    "minResTime" : 310.0,
    "maxResTime" : 1380.0,
    "pct1ResTime" : 774.9,
    "pct2ResTime" : 1349.7499999999995,
    "pct3ResTime" : 1380.0,
    "throughput" : 2.8149190710767065,
    "receivedKBytesPerSec" : 35.87028830928923,
    "sentKBytesPerSec" : 69.55241687192118
  },
  "Debug Sampler 2" : {
    "transaction" : "Debug Sampler 2",
    "sampleCount" : 1,
    "errorCount" : 0,
    "errorPct" : 0.0,
    "meanResTime" : 1.0,
    "medianResTime" : 1.0,
    "minResTime" : 1.0,
    "maxResTime" : 1.0,
    "pct1ResTime" : 1.0,
    "pct2ResTime" : 1.0,
    "pct3ResTime" : 1.0,
    "throughput" : 1000.0,
    "receivedKBytesPerSec" : 6666.9921875,
    "sentKBytesPerSec" : 0.0
  },
  "Debug Sampler 1" : {
    "transaction" : "Debug Sampler 1",
    "sampleCount" : 1,
    "errorCount" : 0,
    "errorPct" : 0.0,
    "meanResTime" : 2.0,
    "medianResTime" : 2.0,
    "minResTime" : 2.0,
    "maxResTime" : 2.0,
    "pct1ResTime" : 2.0,
    "pct2ResTime" : 2.0,
    "pct3ResTime" : 2.0,
    "throughput" : 500.0,
    "receivedKBytesPerSec" : 3342.28515625,
    "sentKBytesPerSec" : 0.0
  },
  "Debug Sampler 4" : {
    "transaction" : "Debug Sampler 4",
    "sampleCount" : 1,
    "errorCount" : 0,
    "errorPct" : 0.0,
    "meanResTime" : 1.0,
    "medianResTime" : 1.0,
    "minResTime" : 1.0,
    "maxResTime" : 1.0,
    "pct1ResTime" : 1.0,
    "pct2ResTime" : 1.0,
    "pct3ResTime" : 1.0,
    "throughput" : 1000.0,
    "receivedKBytesPerSec" : 6684.5703125,
    "sentKBytesPerSec" : 0.0
  },
  "Debug Sampler 3" : {
    "transaction" : "Debug Sampler 3",
    "sampleCount" : 1,
    "errorCount" : 0,
    "errorPct" : 0.0,
    "meanResTime" : 2.0,
    "medianResTime" : 2.0,
    "minResTime" : 2.0,
    "maxResTime" : 2.0,
    "pct1ResTime" : 2.0,
    "pct2ResTime" : 2.0,
    "pct3ResTime" : 2.0,
    "throughput" : 500.0,
    "receivedKBytesPerSec" : 3307.12890625,
    "sentKBytesPerSec" : 0.0
  },
  "GET/teacher-publish-contents/TEACHER_PUBLISH_ID" : {
    "transaction" : "GET/teacher-publish-contents/TEACHER_PUBLISH_ID",
    "sampleCount" : 20,
    "errorCount" : 0,
    "errorPct" : 0.0,