{
  "POST/otps/loginWithPassword" : {
    "transaction" : "POST/otps/loginWithPassword",
    "sampleCount" : 20,
    "errorCount" : 0,
    "errorPct" : 0.0,
    "meanResTime" : 1201.8500000000001,
    "medianResTime" : 926.0,
    "minResTime" : 770.0,
    "maxResTime" : 2483.0,
    "pct1ResTime" : 1851.0,
    "pct2ResTime" : 2451.5499999999993,
    "pct3ResTime" : 2483.0,
    "throughput" : 2.7731558513588466,
    "receivedKBytesPerSec" : 22.54069281232668,
    "sentKBytesPerSec" : 1.863214087631725
  },
  "GET/annotations" : {
    "transaction" : "GET/annotations",
    "sampleCount" : 20,
    "errorCount" : 0,
    "errorPct" : 0.0,
    "meanResTime" : 863.05,
    "medianResTime" : 559.5,
    "minResTime" : 70.0,
    "maxResTime" : 2153.0,
    "pct1ResTime" : 1935.5000000000005,
    "pct2ResTime" : 2143.1499999999996,
    "pct3ResTime" : 2153.0,
    "throughput" : 1.9833399444664814,
    "receivedKBytesPerSec" : 1.9559334403510513,
    "sentKBytesPerSec" : 1.843886354621182
  },
  "GET/user-book-statuses" : {
    "transaction" : "GET/user-book-statuses",
    "sampleCount" : 20,
    "errorCount" : 0,
    "errorPct" : 0.0,
    "meanResTime" : 3704.75,
    "medianResTime" : 3860.0,
    "minResTime" : 1223.0,
    "maxResTime" : 4954.0,
    "pct1ResTime" : 4889.000000000001,
    "pct2ResTime" : 4952.35,
    "pct3ResTime" : 4954.0,
    "throughput" : 1.4806040864672787,
    "receivedKBytesPerSec" : 22.331384642434113,
    "sentKBytesPerSec" : 1.2926367708024875
  },
  "GET/v4/books/BOOK_ID/chapters.json" : {
    "transaction" : "GET/v4/books/BOOK_ID/chapters.json",
    "sampleCount" : 20,
    "errorCount" : 0,
    "errorPct" : 0.0,
    "meanResTime" : 321.70000000000005,
    "medianResTime" : 312.5,
    "minResTime" : 258.0,
    "maxResTime" : 424.0,
    "pct1ResTime" : 405.1000000000001,
    "pct2ResTime" : 423.25,
    "pct3ResTime" : 424.0,
    "throughput" : 1.9054878048780488,
    "receivedKBytesPerSec" : 4.9591064453125,
    "sentKBytesPerSec" : 1.1332442120807926
  },
  "GET/modulesByRoleandInstitution/NODE_ID/ROLE_ID" : {
    "transaction" : "GET/modulesByRoleandInstitution/NODE_ID/ROLE_ID",
    "sampleCount" : 20,
    "errorCount" : 0,
    "errorPct" : 0.0,
    "meanResTime" : 606.1,
    "medianResTime" : 559.0,
    "minResTime" : 121.0,
    "maxResTime" : 1911.0,
    "pct1ResTime" : 1351.5000000000007,
    "pct2ResTime" : 1884.3999999999996,
    "pct3ResTime" : 1911.0,
    "throughput" : 2.398369109005876,
    "receivedKBytesPerSec" : 4.629859508034536,
    "sentKBytesPerSec" : 2.016597463724667
  },
  "GET/annotations2" : {
    "transaction" : "GET/annotations2",
    "sampleCount" : 20,
    "errorCount" : 0,
    "errorPct" : 0.0,
    "meanResTime" : 745.15,
    "medianResTime" : 554.0,
    "minResTime" : 69.0,
    "maxResTime" : 1737.0,
    "pct1ResTime" : 1664.2000000000003,
    "pct2ResTime" : 1733.85,
    "pct3ResTime" : 1737.0,
    "throughput" : 2.085288291106245,
    "receivedKBytesPerSec" : 5.385501381503493,
    "sentKBytesPerSec" : 1.9386664581378377
  },
  "GET/otps/checkuser/PHONE_NUM" : {
    "transaction" : "GET/otps/checkuser/PHONE_NUM",
    "sampleCount" : 20,
    "errorCount" : 0,
    "errorPct" : 0.0,
    "meanResTime" : 397.65,
    "medianResTime" : 262.5,
    "minResTime" : 127.0,
    "maxResTime" : 1109.0,
    "pct1ResTime" : 1043.6000000000008,
    "pct2ResTime" : 1107.95,
    "pct3ResTime" : 1109.0,
    "throughput" : 3.484320557491289,
    "receivedKBytesPerSec" : 5.353570067508711,
    "sentKBytesPerSec" : 1.9803462543554007
  },
  "OPTIONS/annotations?chapter=CHAPTER_ID&book_id=BOOK_ID&users_permissions_user=USERPERMS-36" : {
    "transaction" : "OPTIONS/annotations?chapter=CHAPTER_ID&book_id=BOOK_ID&users_permissions_user=USERPERMS-36",
    "sampleCount" : 20,
    "errorCount" : 0,
    "errorPct" : 0.0,
    "meanResTime" : 63.6,
    "medianResTime" : 56.0,
    "minResTime" : 48.0,
    "maxResTime" : 149.0,
    "pct1ResTime" : 93.9,
    "pct2ResTime" : 146.24999999999994,
    "pct3ResTime" : 149.0,
    "throughput" : 1.9890601690701142,
    "receivedKBytesPerSec" : 0.8449620835405272,
    "sentKBytesPerSec" : 1.2625870213823969
  },
  "GET/v4/books/BOOK_ID/CHAPTER_ID2/sections.json" : {
    "transaction" : "GET/v4/books/BOOK_ID/CHAPTER_ID2/sections.json",
    "sampleCount" : 20,
    "errorCount" : 0,
    "errorPct" : 0.0,
    "meanResTime" : 123.10000000000001,
    "medianResTime" : 114.0,
    "minResTime" : 94.0,
    "maxResTime" : 156.0,
    "pct1ResTime" : 155.20000000000002,
    "pct2ResTime" : 156.0,
    "pct3ResTime" : 156.0,
    "throughput" : 2.065688907250568,
    "receivedKBytesPerSec" : 5.5466974798595325,
    "sentKBytesPerSec" : 1.489151905598017
  },
  "Total" : {
    "transaction" : "Total",
    "sampleCount" : 260,
    "errorCount" : 0,
    "errorPct" : 0.0,
    "meanResTime" : 1001.8961538461543,
    "medianResTime" : 318.0,
    "minResTime" : 48.0,
    "maxResTime" : 5950.0,
    "pct1ResTime" : 3457.2000000000007,
    "pct2ResTime" : 4598.849999999999,
    "pct3ResTime" : 5761.489999999999,
    "throughput" : 14.306938865349695,
    "receivedKBytesPerSec" : 61.138143210394546,
    "sentKBytesPerSec" : 10.475920665272659
  },
  "GET/v4/books/BOOK_ID/CHAPTER_ID/sections.json" : {
    "transaction" : "GET/v4/books/BOOK_ID/CHAPTER_ID/sections.json",
    "sampleCount" : 20,
    "errorCount" : 0,
    "errorPct" : 0.0,
    "meanResTime" : 126.44999999999999,
    "medianResTime" : 125.0,
    "minResTime" : 87.0,
    "maxResTime" : 174.0,
    "pct1ResTime" : 158.8,
    "pct2ResTime" : 173.25,
    "pct3ResTime" : 174.0,
    "throughput" : 1.96811651249754,
    "receivedKBytesPerSec" : 3.205108492422751,
    "sentKBytesPerSec" : 1.4188121186774256
  },
  "OPTIONS/annotations?chapter=CHAPTER_ID2&book_id=BOOK_ID&users_permissions_user=USERPERMS" : {
    "transaction" : "OPTIONS/annotations?chapter=CHAPTER_ID2&book_id=BOOK_ID&users_permissions_user=USERPERMS",
    "sampleCount" : 20,
    "errorCount" : 0,
    "errorPct" : 0.0,
    "meanResTime" : 101.25,
    "medianResTime" : 55.0,
    "minResTime" : 48.0,
    "maxResTime" : 322.0,
    "pct1ResTime" : 287.7000000000001,
    "pct2ResTime" : 320.5,
    "pct3ResTime" : 322.0,
    "throughput" : 2.0848535390388823,
    "receivedKBytesPerSec" : 0.8856555561346815,
    "sentKBytesPerSec" : 1.3233933597414782
  },
  "POST/license-assignments/userbooksBasedOnLicence" : {
    "transaction" : "POST/license-assignments/userbooksBasedOnLicence",
    "sampleCount" : 20,
    "errorCount" : 0,
    "errorPct" : 0.0,
    "meanResTime" : 4261.55,
    "medianResTime" : 4745.0,
    "minResTime" : 1878.0,
    "maxResTime" : 5950.0,
    "pct1ResTime" : 5807.900000000001,
    "pct2ResTime" : 5943.35,
    "pct3ResTime" : 5950.0,
    "throughput" : 1.4119308153900458,
    "receivedKBytesPerSec" : 22.22412195552418,
    "sentKBytesPerSec" : 1.2078626897282034
  },
  "GET/Login" : {
    "transaction" : "GET/Login",
    "sampleCount" : 20,
    "errorCount" : 0,
    "errorPct" : 0.0,
    "meanResTime" : 508.45000000000005,
    "medianResTime" : 480.5,
    "minResTime" : 240.0,
    "maxResTime" : 932.0,
    "pct1ResTime" : 905.5,
    "pct2ResTime" : 930.6999999999999,
    "pct3ResTime" : 932.0,
    "throughput" : 3.6062026685899746,
    "receivedKBytesPerSec" : 6.493453896952759,
    "sentKBytesPerSec" : 1.9615770375045076
  }
}