{
  "POST/otps/loginWithPassword" : {
    "transaction" : "POST/otps/loginWithPassword",
    "sampleCount" : 20,
    "errorCount" : 0,
    "errorPct" : 0.0,
    "meanResTime" : 1236.1000000000001,
    "medianResTime" : 1225.5,
    "minResTime" : 410.0,
    "maxResTime" : 2027.0,
    "pct1ResTime" : 2023.8000000000002,
    "pct2ResTime" : 2027.0,
    "pct3ResTime" : 2027.0,
    "throughput" : 3.107520198881293,
    "receivedKBytesPerSec" : 25.25285017868241,
    "sentKBytesPerSec" : 2.0817957582349287
  },
  "PUT/doubts/DOUBT_ID" : {
    "transaction" : "PUT/doubts/DOUBT_ID",
    "sampleCount" : 20,
    "errorCount" : 0,
    "errorPct" : 0.0,
    "meanResTime" : 911.4999999999999,
    "medianResTime" : 589.0,
    "minResTime" : 116.0,
    "maxResTime" : 3281.0,
    "pct1ResTime" : 3102.3,
    "pct2ResTime" : 3272.9,
    "pct3ResTime" : 3281.0,
    "throughput" : 3.4965034965034967,
    "receivedKBytesPerSec" : 7.5337016499125875,
    "sentKBytesPerSec" : 11.111983719405595
  },
  "GET/otps/checkuser/PHONENUM" : {
    "transaction" : "GET/otps/checkuser/PHONENUM",
    "sampleCount" : 20,
    "errorCount" : 0,
    "errorPct" : 0.0,
    "meanResTime" : 471.74999999999994,
    "medianResTime" : 327.0,
    "minResTime" : 102.0,
    "maxResTime" : 1226.0,
    "pct1ResTime" : 986.1000000000001,
    "pct2ResTime" : 1214.1999999999998,
    "pct3ResTime" : 1226.0,
    "throughput" : 4.079135223332654,
    "receivedKBytesPerSec" : 6.267089345808689,
    "sentKBytesPerSec" : 2.3184147460738327
  },
  "OPTIONS/solutions" : {
    "transaction" : "OPTIONS/solutions",
    "sampleCount" : 20,
    "errorCount" : 0,
    "errorPct" : 0.0,
    "meanResTime" : 100.4,
    "medianResTime" : 81.0,
    "minResTime" : 51.0,
    "maxResTime" : 266.0,
    "pct1ResTime" : 225.2000000000002,
    "pct2ResTime" : 264.4,
    "pct3ResTime" : 266.0,
    "throughput" : 7.465472191116088,
    "receivedKBytesPerSec" : 3.17136758118701,
    "sentKBytesPerSec" : 4.002484602463606
  },
  "POST/events_Viewed_Doubt" : {
    "transaction" : "POST/events_Viewed_Doubt",
    "sampleCount" : 20,
    "errorCount" : 0,
    "errorPct" : 0.0,
    "meanResTime" : 915.6500000000001,
    "medianResTime" : 533.5,
    "minResTime" : 102.0,
    "maxResTime" : 2643.0,
    "pct1ResTime" : 2547.3,
    "pct2ResTime" : 2638.6,
    "pct3ResTime" : 2643.0,
    "throughput" : 2.6954177897574128,
    "receivedKBytesPerSec" : 2.2509634012803237,
    "sentKBytesPerSec" : 2.834400269541779
  },
  "GET/doubts/DOUBT_ID" : {
    "transaction" : "GET/doubts/DOUBT_ID",
    "sampleCount" : 20,
    "errorCount" : 0,
    "errorPct" : 0.0,
    "meanResTime" : 1002.0000000000001,
    "medianResTime" : 620.5,
    "minResTime" : 174.0,
    "maxResTime" : 2582.0,
    "pct1ResTime" : 2420.9000000000005,
    "pct2ResTime" : 2575.45,
    "pct3ResTime" : 2582.0,
    "throughput" : 2.383506137528304,
    "receivedKBytesPerSec" : 5.130240920331308,
    "sentKBytesPerSec" : 1.9296158086044572
  },
  "GET/modulesByRoleandInstitution/NODE_ID/ROLE_ID" : {
    "transaction" : "GET/modulesByRoleandInstitution/NODE_ID/ROLE_ID",
    "sampleCount" : 20,
    "errorCount" : 0,
    "errorPct" : 0.0,
    "meanResTime" : 535.1,
    "medianResTime" : 517.5,
    "minResTime" : 88.0,
    "maxResTime" : 1255.0,
    "pct1ResTime" : 1145.0000000000005,
    "pct2ResTime" : 1250.3,
    "pct3ResTime" : 1255.0,
    "throughput" : 3.157562361856647,
    "receivedKBytesPerSec" : 6.0954212878907486,
    "sentKBytesPerSec" : 2.654942571834544
  },
  "OPTIONS/assigneds" : {
    "transaction" : "OPTIONS/assigneds",
    "sampleCount" : 20,
    "errorCount" : 0,
    "errorPct" : 0.0,
    "meanResTime" : 115.65,
    "medianResTime" : 99.5,
    "minResTime" : 60.0,
    "maxResTime" : 238.0,
    "pct1ResTime" : 229.70000000000002,
    "pct2ResTime" : 237.65,
    "pct3ResTime" : 238.0,
    "throughput" : 7.547169811320755,
    "receivedKBytesPerSec" : 3.2060731132075473,
    "sentKBytesPerSec" : 4.04628537735849
  },
  "GET/doubts_GRADE_ID" : {
    "transaction" : "GET/doubts_GRADE_ID",
    "sampleCount" : 20,
    "errorCount" : 0,
    "errorPct" : 0.0,
    "meanResTime" : 1780.05,
    "medianResTime" : 1812.5,
    "minResTime" : 1164.0,
    "maxResTime" : 2639.0,
    "pct1ResTime" : 2108.1,
    "pct2ResTime" : 2612.7,
    "pct3ResTime" : 2639.0,
    "throughput" : 2.430724355858046,
    "receivedKBytesPerSec" : 443.3440642850632,
    "sentKBytesPerSec" : 2.039054903986388
  },
  "GET/userDetails/USERPERMS" : {
    "transaction" : "GET/userDetails/USERPERMS",
    "sampleCount" : 20,
    "errorCount" : 0,
    "errorPct" : 0.0,
    "meanResTime" : 894.85,
    "medianResTime" : 889.0,
    "minResTime" : 483.0,
    "maxResTime" : 1654.0,
    "pct1ResTime" : 1331.6,
    "pct2ResTime" : 1637.8999999999996,
    "pct3ResTime" : 1654.0,
    "throughput" : 3.003003003003003,
    "receivedKBytesPerSec" : 23.592635604354353,
    "sentKBytesPerSec" : 2.44580518018018
  },
  "POST/solutions" : {
    "transaction" : "POST/solutions",
    "sampleCount" : 20,
    "errorCount" : 0,
    "errorPct" : 0.0,
    "meanResTime" : 496.3,
    "medianResTime" : 294.0,
    "minResTime" : 120.0,
    "maxResTime" : 1066.0,
    "pct1ResTime" : 1066.0,
    "pct2ResTime" : 1066.0,
    "pct3ResTime" : 1066.0,
    "throughput" : 7.385524372230428,
    "receivedKBytesPerSec" : 19.881773910635154,
    "sentKBytesPerSec" : 8.614882408604135
  },
  "Debug Sampler" : {
    "transaction" : "Debug Sampler",
    "sampleCount" : 20,
    "errorCount" : 0,
    "errorPct" : 0.0,
    "meanResTime" : 1.4499999999999997,
    "medianResTime" : 1.0,
    "minResTime" : 0.0,
    "maxResTime" : 4.0,
    "pct1ResTime" : 4.0,
    "pct2ResTime" : 4.0,
    "pct3ResTime" : 4.0,
    "throughput" : 14.88095238095238,
    "receivedKBytesPerSec" : 107.43132091703869,
    "sentKBytesPerSec" : 0.0
  },
  "GET/doubts_SUBJECT_ID" : {
    "transaction" : "GET/doubts_SUBJECT_ID",
    "sampleCount" : 20,
    "errorCount" : 0,
    "errorPct" : 0.0,
    "meanResTime" : 1623.7000000000003,
    "medianResTime" : 1620.5,
    "minResTime" : 856.0,
    "maxResTime" : 2586.0,
    "pct1ResTime" : 2551.9000000000005,
    "pct2ResTime" : 2585.5,
    "pct3ResTime" : 2586.0,
    "throughput" : 2.024086630907803,
    "receivedKBytesPerSec" : 363.05116827750226,
    "sentKBytesPerSec" : 2.0893159852241676
  },
  "POST/events_Responded_Doubt" : {
    "transaction" : "POST/events_Responded_Doubt",
    "sampleCount" : 20,
    "errorCount" : 0,
    "errorPct" : 0.0,
    "meanResTime" : 181.70000000000002,
    "medianResTime" : 156.5,
    "minResTime" : 91.0,
    "maxResTime" : 293.0,
    "pct1ResTime" : 268.9,
    "pct2ResTime" : 291.79999999999995,
    "pct3ResTime" : 293.0,
    "throughput" : 13.468013468013467,
    "receivedKBytesPerSec" : 11.304450757575756,
    "sentKBytesPerSec" : 14.22690446127946
  },
  "GET/LOGINPAGE" : {
    "transaction" : "GET/LOGINPAGE",
    "sampleCount" : 20,
    "errorCount" : 0,
    "errorPct" : 0.0,
    "meanResTime" : 620.3000000000001,
    "medianResTime" : 531.5,
    "minResTime" : 246.0,
    "maxResTime" : 1282.0,
    "pct1ResTime" : 1066.2000000000003,
    "pct2ResTime" : 1271.6499999999999,
    "pct3ResTime" : 1282.0,
    "throughput" : 3.7544584193730057,
    "receivedKBytesPerSec" : 6.759125093861461,
    "sentKBytesPerSec" : 2.0422200581941055
  },
  "Total" : {
    "transaction" : "Total",
    "sampleCount" : 400,
    "errorCount" : 0,
    "errorPct" : 0.0,
    "meanResTime" : 875.2350000000002,
    "medianResTime" : 421.0,
    "minResTime" : 0.0,
    "maxResTime" : 5547.0,
    "pct1ResTime" : 2146.900000000001,
    "pct2ResTime" : 2892.4999999999995,
    "pct3ResTime" : 5240.6900000000005,
    "throughput" : 19.614573628205758,
    "receivedKBytesPerSec" : 571.0200325326092,
    "sentKBytesPerSec" : 17.56811658718678
  },
  "GET/teacher-62" : {
    "transaction" : "GET/teacher-62",
    "sampleCount" : 20,
    "errorCount" : 0,
    "errorPct" : 0.0,
    "meanResTime" : 241.9,
    "medianResTime" : 216.5,